ParentSKU,Marke,MCP_Basisfarbe,Desc_Basisfarbe,Desc_colors,Revenue,Status
R5460965-7435,reusch,black,black,black/blue,64081.06,found
U1011373-001,uhlsport,white,,,55323.07,no_color_in_text
RH1004-011,rehab,white,white,white/yellow,48020.68,found
U1011375-001,uhlsport,white,,,46261.85,no_color_in_text
U1011379-001,uhlsport,white,,,44793.57,no_color_in_text
U1011371-001,uhlsport,white,,,30263.71,no_color_in_text
RH1014-375,rehab,yellow,blue,blue/white,28294.62,found
U1011378-001,uhlsport,white,,,28140.25,no_color_in_text
U1011372-001,uhlsport,white,,,26756.56,no_description
U101137301-2000,uhlsport,white,,,25261.95,no_color_in_text
U1011377-001,uhlsport,white,,,24526.63,no_color_in_text
U1011374-001,uhlsport,white,,,24335.82,no_color_in_text
P042120-01,Puma,white,,,22743.33,no_color_in_text
ETSGI6380_000,adidas,black,black,black/white,21487.44,found
10371749_JY6300_JY6300,adidas,red,,,20939.84,no_color_in_text
U101137901-2000,uhlsport,white,,,19594.57,no_color_in_text
U101132801-2000,uhlsport,white,,,19000.6,no_color_in_text
ETS5170995_4010,reusch,blue,,,18970.56,no_color_in_text
RH1005-004,rehab,yellow,black,black/yellow,18143.71,found
R5360956-5010,reusch,black,,,16974.54,no_color_in_text
ETS5170900_2199,reusch,yellow,,,14438.02,no_color_in_text
E7221901,erima,grey,,,13874.13,no_color_in_text
R5160901-4011,reusch,white,,,13804.5,no_color_in_text
U1011394012000,uhlsport,white,,,13579.4,no_color_in_text
10379386_1011373012026_01,uhlsport,black,,,12775.73,no_color_in_text
E7221904,erima,,,,12702.5,no_color_in_text
U101133301-1113,uhlsport,yellow,,,12632.18,no_color_in_text
10373884_1011398_01,uhlsport,white,,,12533.02,no_color_in_text
10379388_1011378012026_01,uhlsport,black,,,12412.28,no_color_in_text
ETS5170959_1100,reusch,white,white,white,11800.69,found
U1011376-001,uhlsport,white,,,11431.68,no_color_in_text
RH1003-011,rehab,yellow,,,11408.36,no_color_in_text
U1011333012024,uhlsport,white,,,11183.54,no_color_in_text
RH1019-811,rehab,white,white,white,11161.31,found
R5160900-3002,reusch,red,,,10855.48,no_color_in_text
ETS41763_0001,Puma,black,white,white,10419.97,found
R5470155-4411,reusch,black,,,10414.9,no_description
U1011385-001,uhlsport,blue,,,10351.86,no_color_in_text
RH1020-911,rehab,black,,,10196.82,no_color_in_text
P042064-13,Puma,black,,,9789.74,no_color_in_text
10180246_5160139_7040_7040_7701,reusch,black,,,9774.09,no_description
E7222005,erima,black,,,9596.36,no_color_in_text
R5160204-7701,reusch,black,red,red/black/white,9559.83,found
R5160209-1100,reusch,white,white,white,9544.02,found
10373882_1011396_01,uhlsport,white,,,9173.24,no_color_in_text
R5170135-4010,reusch,white,,,9090.54,no_description
R5670990-4414,reusch,blue,,,9022.22,no_color_in_text
RH1021-757,rehab,yellow,black,black,9015.82,found
U1011380-001,uhlsport,white,,,8955.06,no_color_in_text
E7221905,erima,,,,8694.96,no_color_in_text
ETS1011164_001,uhlsport,yellow,,,8667.72,no_color_in_text
U1092,uhlsport,black,,,8643.77,no_color_in_text
OG1-TYPE-R,One Glove,white,,,8512.57,no_color_in_text
E7221906,erima,red,,,8425.9,no_color_in_text
HO510802,HO Soccer,red,,,8376.11,no_color_in_text
ETS1011165_01,uhlsport,yellow,,,8340.76,no_color_in_text
ETS5170055_4949,reusch,yellow,,,8003.8,no_color_in_text
R5070735-7052,reusch,yellow,,,7965.65,no_color_in_text
10180242_5160931_7040_7701,reusch,black,,,7926.82,no_description
ETS5170990_4010_2199,reusch,blue,,,7831.9,no_color_in_text
U1138,uhlsport,yellow,,,7791.81,no_color_in_text
U101132801-1113,uhlsport,yellow,,,7778.67,no_color_in_text
R5170079-2001,reusch,yellow,,,7604.75,no_description
U1093,uhlsport,black,,,7516.02,no_color_in_text
U1143,uhlsport,yellow,,,7502.54,no_color_in_text
U1011392012000,uhlsport,white,,,7334.36,no_color_in_text
U101133201-1113,uhlsport,yellow,,,7322.85,no_description
U1140,uhlsport,yellow,,,7319.73,no_color_in_text
ETSGI6381_000,adidas,black,,,7265.6,no_color_in_text
10295819_7222406_000,erima,red,,,7256.89,no_color_in_text
10223507_7222201_000,erima,yellow,,,7226.12,no_color_in_text
SGP151623,Sells Goalkeeper,blue,,,7157.96,no_color_in_text
U1151,uhlsport,yellow,,,7111.03,no_color_in_text
E7221806,erima,blue,,,7077.63,no_color_in_text
R5070908-7701,reusch,black,,,6910.55,no_color_in_text
10323216_5460234_6027,reusch,silver,,,6279.21,no_color_in_text
10301313_041948_04,Puma,white,,,6185.99,no_color_in_text
E7221801,erima,blue,,,6171.14,no_color_in_text
EL3002900,Elite Sport,black,green,green/black,6163.15,found
R5670935-1083,reusch,white,,,6024.13,no_color_in_text
ETS5170908_1015,reusch,white,,,5983.01,no_color_in_text
10351388_042064_12,Puma,red,,,5810.01,no_color_in_text
E7221809,erima,black,,,5608.54,no_color_in_text
RH1012-013,rehab,white,,,5547.08,no_color_in_text
EL4003790,Elite Sport,black,,,5499.57,no_color_in_text
U1150,uhlsport,yellow,grey,grey,5398.86,found
OG1-MIDNIGHT,One Glove,black,,,5391.59,no_color_in_text
NGS3886-486,NIKE,white,,,5320.75,no_color_in_text
EL3003000,Elite Sport,red,red,red/white,5304.61,found
R5072200-7083,reusch,black,,,5254.92,no_color_in_text
U1158,uhlsport,black,,,5232.0,no_color_in_text
EL4003610,Elite Sport,white,,,5197.28,no_color_in_text
R5070089-7083,reusch,black,,,5182.16,no_color_in_text
ETS5172945_4010,reusch,blue,,,5107.87,no_description
OG1-TYPE-R-GLD,One Glove,white,,,5099.19,no_color_in_text
R5070915-1090,reusch,white,,,5039.84,no_color_in_text
10236860_1011267_001,uhlsport,black,,,5019.33,no_description
ETS5170025_7805,reusch,red,,,4935.06,no_color_in_text
ETS5160135_7707,reusch,black,black,black,4921.25,found
R5160666-7783,reusch,black,,,4818.69,no_description
HO520303,HO Soccer,yellow,,,4765.41,no_color_in_text
RH1022-211,rehab,white,pink,pink,4761.62,found
SGP151615,Sells Goalkeeper,blue,,,4732.97,no_color_in_text
E7221810,erima,black,,,4667.69,no_color_in_text
R3970959-883,reusch,yellow,,,4594.69,no_color_in_text
ETS5170235_4010,reusch,blue,,,4576.84,no_description
U1011388-001,uhlsport,black,,,4558.02,no_color_in_text
EL4003670,Elite Sport,black,,,4537.53,no_color_in_text
R5070916-1101,reusch,black,black,black/white,4515.71,found
R5670995-4129,reusch,blue,,,4504.2,no_color_in_text
HO520285,HO Soccer,black,,,4484.92,no_description
10295820_7222407_000,erima,grey,,,4475.5,no_color_in_text
R5070993-7083,reusch,black,,,4457.52,no_color_in_text
ETSFS0423_000,adidas,green,,,4442.32,no_description
RH1030-998,rehab,black,,,4386.97,no_color_in_text
HO0520360,HO Soccer,black,,,4378.82,no_color_in_text
ETS5170200_2199,reusch,yellow,,,4340.33,no_color_in_text
U1095,uhlsport,red,,,4209.4,no_color_in_text
HO0520371,HO Soccer,yellow,,,4099.18,no_color_in_text
R5172900-2199,reusch,yellow,,,4079.06,no_color_in_text
SGP151610,Sells Goalkeeper,black,,,4033.94,no_color_in_text
RH1022-564,rehab,white,green,green,4031.22,found
10288756_5470255_4411,reusch,blue,,,4028.52,no_description
R3270870-501,reusch,,,,3983.54,no_description
R5170745-7700,reusch,black,,,3970.84,no_description
10351267_042081_04,Puma,white,,,3933.44,no_color_in_text
R5160245-1089,reusch,white,,,3880.02,no_description
R5070205-4949,reusch,red,blue,blue/yellow,3869.73,found
U1011382-001,uhlsport,white,,,3867.69,no_color_in_text
10273103_SGP202309_000,Sells Goalkeeper,white,,,3857.04,no_color_in_text
P041829-01,Puma,,,,3855.48,no_color_in_text
EL4003850,Elite Sport,black,,,3826.53,no_color_in_text
RH1000-616,rehab,grey,,,3820.43,no_color_in_text
R5670965-4126,reusch,blue,,,3815.71,no_color_in_text
RH1000-119,rehab,blue,,,3815.56,no_color_in_text
R3470400-405,reusch,,,,3777.17,no_description
RH1006-385,rehab,red,red,red/blue,3748.83,found
R5670055-4126,reusch,blue,,,3736.16,no_color_in_text
NGS3886-100,NIKE,white,white,white,3713.43,found
10351266_042081_02,Puma,orange,,,3708.05,no_color_in_text
R5670725-4127,reusch,blue,,,3695.06,no_color_in_text
R5670964-4126,reusch,blue,,,3687.18,no_color_in_text
R5272235_6006,reusch,yellow,,,3677.29,no_description
EL4003730,Elite Sport,black,,,3676.09,no_color_in_text
U1070,uhlsport,blue,,,3672.42,no_color_in_text
HO520284,HO Soccer,green,,,3672.24,no_description
P042116-01,Puma,white,,,3620.55,no_color_in_text
HO0515172IT,HO Soccer,yellow,,,3599.64,no_color_in_text
P042115-01,Puma,white,,,3565.06,no_color_in_text
RH1006-405,rehab,black,,,3529.52,no_color_in_text
U1154,uhlsport,blue,,,3459.51,no_color_in_text
ETS1011170_001,uhlsport,yellow,,,3425.73,no_color_in_text
U1160,uhlsport,black,,,3414.04,no_color_in_text
TT202004,T1tan,yellow,,,3410.17,no_color_in_text
10351300_042118_01,Puma,pink,,,3375.22,no_color_in_text
HO0520368,HO Soccer,black,,,3361.25,no_color_in_text
HO520286,HO Soccer,white,,,3344.0,no_description
ETS5070115_1091,reusch,white,,,3319.92,no_color_in_text
HO520296,HO Soccer,green,,,3263.52,no_description
RPB70102101,gloveglu,black,,,3251.42,no_description
P041640-01,Puma,black,,,3214.29,no_color_in_text
ETS7221801_465032,erima,,,,3208.24,no_description
R5670905-4126,reusch,blue,,,3200.09,no_color_in_text
R5670955-4126,reusch,blue,,,3177.0,no_color_in_text
HO511286IT,HO Soccer,black,,,3172.75,no_description
10271328_510294_000,HO Soccer,white,,,3150.92,no_description
RH1001-628,rehab,white,,,3147.47,no_color_in_text
RH1000-007,rehab,yellow,yellow,yellow,3128.89,found
E7220701,erima,blue,,,3099.26,no_color_in_text
HO520289,HO Soccer,orange,,,3085.91,no_description
R5670745-7700,reusch,black,,,3050.43,no_color_in_text
R3270871-501,reusch,,,,3034.69,no_description
HO520300,HO Soccer,white,,,3018.21,no_color_in_text
ETS5070931_6001,reusch,black,,,3013.52,no_color_in_text
ETS1011163_001,uhlsport,yellow,,,3010.73,no_color_in_text
U1182-01,uhlsport,yellow,,,3003.45,no_color_in_text
RH1006-558,rehab,black,,,2975.61,no_color_in_text
U1118-03,uhlsport,yellow,,,2931.02,no_color_in_text
U1011344-01,uhlsport,red,,,2924.27,no_color_in_text
ETS3770990_484,reusch,,,,2886.14,no_description
10295815_7222404_000,erima,yellow,,,2855.07,no_color_in_text
ETS5172200_2199,reusch,yellow,,,2850.1,no_color_in_text
R5170935-3002,reusch,red,,,2848.68,no_color_in_text
RH1006-006,rehab,yellow,,,2830.77,no_color_in_text
R5399453-1101,reusch,,,,2811.78,no_description
HO0515170IT,HO Soccer,yellow,,,2799.41,no_color_in_text
HO0515169IT,HO Soccer,yellow,,,2796.52,no_description
OG1-MONSTER-SL,One Glove,green,,,2792.29,no_color_in_text
HO520298,HO Soccer,blue,,,2759.24,no_color_in_text
E7222002,erima,black,,,2752.22,no_color_in_text
EL4003910,Elite Sport,,,,2751.58,no_color_in_text
E7222003,erima,yellow,,,2745.13,no_color_in_text
OG1-DOUBT-SL,One Glove,red,,,2723.01,no_color_in_text
SGP151626,Sells Goalkeeper,black,,,2672.89,no_color_in_text
EL4003260,Elite Sport,white,,,2634.65,no_color_in_text
R3370101-103,reusch,,,,2608.64,no_description
ETS1011188_01,uhlsport,yellow,,,2605.43,no_color_in_text
NGS3381-892,NIKE,orange,,,2599.47,no_color_in_text
10295813_7222403_000,erima,red,,,2594.5,no_color_in_text
HO515023,HO Soccer,black,,,2586.4,no_description
R5670735-7700,reusch,black,,,2579.97,no_color_in_text
RH1000-999,rehab,red,black,black,2570.06,found
ETS3670100_767,reusch,black,,,2566.15,no_description
10271335_520250_000,HO Soccer,black,,,2562.55,no_color_in_text
10288753_5472710_4411,reusch,blue,,,2555.74,no_description
U1144,uhlsport,yellow,,,2545.57,no_color_in_text
NXT-PRO-DOUBT-HYL,One Glove,red,,,2522.62,no_color_in_text
EL4003970,Elite Sport,white,,,2513.97,no_color_in_text
U1175-02,uhlsport,black,,,2510.85,no_color_in_text
RH1006-039,rehab,white,,,2507.82,no_description
10369683_KA7811_KA7811,adidas,black,,,2477.12,no_color_in_text
10291666_5460964,reusch,black,,,2475.03,no_color_in_text
U1091,uhlsport,red,,,2462.28,no_color_in_text
ETS5170109_1100,reusch,white,white,white,2455.49,found
ETS1011168_01,uhlsport,yellow,,,2450.25,no_color_in_text
ETS1011167_01,uhlsport,yellow,,,2449.05,no_color_in_text
RH1006-386,rehab,white,,,2433.96,no_description
KS10021,KEEPERsport,,,,2398.2,no_description
U1011309012001,uhlsport,black,,,2374.95,no_description
EL2000070,Elite Sport,black,,,2370.43,no_description
R5670235-1080,reusch,white,,,2363.12,no_color_in_text
RH1006-044,rehab,white,blue,blue/white/red,2359.63,found
R3770130-511,reusch,,,,2341.08,no_description
RPB70102207,gloveglu,blue,,,2322.15,no_description
ETS5170050-4949,reusch,yellow,,,2301.86,no_color_in_text
U1159,uhlsport,black,,,2293.21,no_color_in_text
RH1006-031,rehab,white,,,2286.16,no_description
U1076,uhlsport,black,,,2269.88,no_color_in_text
RH1002-628,rehab,white,,,2261.73,no_color_in_text
U1153,uhlsport,red,,,2253.47,no_color_in_text
U1152,uhlsport,blue,,,2253.35,no_color_in_text
OG1-DOUBT-NGT,One Glove,red,,,2242.19,no_color_in_text
10332411_042071_01,Puma,white,,,2230.4,no_color_in_text
ETS5170960_3002,reusch,red,,,2210.66,no_color_in_text
RH1006-032,rehab,red,black,black/yellow/red,2203.52,found
NXT-PRO-DOUBT-VTX,One Glove,red,,,2167.58,no_color_in_text
R5070025-7083,reusch,black,,,2159.14,no_color_in_text
10297352_FB3001-013_013,NIKE,black,,,2157.44,no_color_in_text
10351299_042117_01,Puma,pink,,,2127.22,no_color_in_text
SGP151703,Sells Goalkeeper,black,,,2102.94,no_color_in_text
ETS5070955_7083,reusch,black,,,2072.35,no_description
10271331_0515116IT_000,HO Soccer,yellow,,,2064.36,no_color_in_text
HO520302,HO Soccer,black,,,2064.17,no_color_in_text
HO510813,HO Soccer,green,blue,blue/yellow,2034.82,found
HO0520366,HO Soccer,white,,,2031.88,no_color_in_text
R3570201-445,reusch,,,,2024.43,no_description
U1096,uhlsport,red,,,2024.38,no_color_in_text
NGS3884-100,NIKE,white,white,white,2024.38,found
HO511246UK,HO Soccer,red,,,1999.56,no_description
R5670984-4126,reusch,blue,,,1993.72,no_color_in_text
HO520306,HO Soccer,black,,,1992.92,no_color_in_text
10295817_7222405_000,erima,yellow,,,1967.47,no_color_in_text
U1011285_001,uhlsport,yellow,,,1955.4,no_color_in_text
10271458_520279_000,HO Soccer,yellow,,,1942.16,no_color_in_text
RH1000-559,rehab,red,green,green,1940.3,found
U1011382K-001,uhlsport,white,,,1932.51,no_color_in_text
EL4002530,Elite Sport,black,,,1929.76,no_color_in_text
HO511281IT1,HO Soccer,black,,,1911.7,no_description
R5070235-7083,reusch,black,,,1911.0,no_color_in_text
ETS1011169_01,uhlsport,yellow,,,1909.53,no_color_in_text
P042114-01,Puma,black,,,1883.91,no_color_in_text
OG1-CONTRA-W-HYL-SL,One Glove,white,,,1879.15,no_color_in_text
HO0520465,HO Soccer,black,,,1861.48,no_color_in_text
HO510876IT,HO Soccer,white,,,1845.2,no_color_in_text
ETSCW5801_440,NIKE,blue,,,1842.74,no_color_in_text
R5670235-4129,reusch,blue,,,1826.21,no_color_in_text
ADY2619,adidas,yellow,,,1824.28,no_color_in_text
ETS3770950_484,reusch,yellow,,,1808.0,no_description
R3470101-344,reusch,,,,1788.71,no_description
NXT-PRO-MONSTER-HYL,One Glove,white,,,1785.17,no_color_in_text
HO520307,HO Soccer,yellow,,,1783.59,no_color_in_text
10243348_RPB70102206_000,gloveglu,black,,,1780.88,no_description
10322232_5572135_2500,reusch,blue,,,1779.02,no_color_in_text
10332412_042072_01,Puma,white,,,1774.34,no_color_in_text
RH1006-420,rehab,red,,,1769.75,no_description
U1058-02,uhlsport,red,,,1737.26,no_color_in_text
10268070_RPB70062301_000,gloveglu,black,,,1728.9,no_color_in_text
EL4004030,Elite Sport,pink,,,1728.83,no_color_in_text
NCK4804-492,NIKE,blue,,,1690.9,no_color_in_text
10180249_5170990_7040_7040_7701,reusch,black,,,1680.57,no_description
MP0004-REUSCH,reusch,,,,1675.72,no_description
R5070000-4959,reusch,blue,,,1665.73,no_color_in_text
EL4004570,Elite Sport,white,,,1663.42,no_color_in_text
EL2000470,Elite Sport,black,,,1660.94,no_description
U1011337-01,uhlsport,yellow,,,1636.99,no_color_in_text
E7221807,erima,black,,,1622.58,no_color_in_text
R5670163-7090,reusch,black,,,1620.94,no_color_in_text
SGP151634,Sells Goalkeeper,black,,,1619.6,no_color_in_text
U1118,uhlsport,yellow,,,1618.55,no_color_in_text
EL4003520,Elite Sport,white,,,1615.52,no_color_in_text
ETS5170820_4010,reusch,white,,,1602.38,no_description
10378518_5660945_7730,reusch,black,,,1581.66,no_color_in_text
KS10025,KEEPERsport,,,,1579.96,no_description
NCV0595-100,NIKE,black,white,white,1575.78,found
NCK4757-644,NIKE,red,red,red,1573.07,found
OG1-MONSTER-NGT,One Glove,white,,,1571.47,no_color_in_text
U1011286_001,uhlsport,black,,,1570.98,no_color_in_text
10268072_RPB70062303_000,gloveglu,white,,,1566.11,no_color_in_text
EL4004090,Elite Sport,black,,,1550.35,no_color_in_text
HO0515117IT,HO Soccer,yellow,,,1540.31,no_description
P041628-05,Puma,yellow,,,1529.82,no_color_in_text
10220115_5270950_6006,reusch,yellow,,,1515.12,no_description
R5672725-4127,reusch,blue,,,1512.63,no_color_in_text
NGS3381-100,NIKE,black,white,white,1510.81,found
10383962_JY6308,adidas,blue,,,1506.18,no_color_in_text
EL4002740,Elite Sport,black,,,1499.93,no_color_in_text
10323239_5562264_7052,reusch,black,,,1497.0,no_color_in_text
P041651-04,Puma,yellow,,,1493.7,no_color_in_text
RH1006-090,rehab,red,black,black/red/white,1488.15,found
R5270825-6006,reusch,blue,,,1472.09,no_description
KSP041742-01,Puma,black,black,black,1466.46,found
U1013-03,uhlsport,yellow,,,1438.79,no_color_in_text
R3770955-484,reusch,yellow,,,1432.6,no_color_in_text
HO520312,HO Soccer,black,,,1428.05,no_color_in_text
U1072,uhlsport,white,,,1427.12,no_color_in_text
R5160955_4010,reusch,,,,1420.27,no_description
HO520159,HO Soccer,white,,,1410.34,no_description
HO510901,HO Soccer,black,black,black,1409.44,found
HO0515115IT,HO Soccer,yellow,,,1408.26,no_description
HO511280IT1,HO Soccer,black,,,1407.01,no_description
TFA2I0Z07720,Erreà,yellow,,,1402.19,no_description
NXT-PRO-CONTRA-W-HYL,One Glove,white,,,1393.31,no_color_in_text
NCK4757-430,NIKE,blue,white,white,1390.41,found
E7221811,erima,blue,,,1386.68,no_color_in_text
P041627-01,Puma,red,,,1386.43,no_color_in_text
R3770990-484,reusch,yellow,,,1382.71,no_color_in_text
10354424_EL4004140_000,Elite Sport,white,,,1380.85,no_color_in_text
AFH7295,adidas,red,,,1377.29,no_color_in_text
R5670439-7126,reusch,black,,,1373.09,no_color_in_text
EL4002470,Elite Sport,white,,,1372.79,no_description
NCK4804-100,NIKE,white,white,white,1371.12,found
NXT-PRO-MONSTER-SL,One Glove,black,,,1367.62,no_color_in_text
HO520042,HO Soccer,black,,,1358.45,no_description
U0567-01,uhlsport,yellow,,,1354.96,no_description
NXT-ADV-DOUBT,One Glove,red,,,1349.57,no_color_in_text
10255531_5370320_3333,reusch,red,,,1318.33,no_description
ETS041702_001,Puma,white,,,1316.16,no_color_in_text
EL4003470,Elite Sport,black,,,1316.14,no_color_in_text
EL2000220,Elite Sport,black,,,1310.76,no_description
SGP181909,Sells Goalkeeper,blue,,,1308.34,no_color_in_text
ETS1011028_01,uhlsport,yellow,,,1306.22,no_description
ETS7221904_951132,erima,black,,,1302.51,no_description
U1118-02,uhlsport,yellow,,,1297.19,no_color_in_text
NGS3381-492,NIKE,blue,,,1289.04,no_color_in_text
EL4002800,Elite Sport,white,,,1287.38,no_description
HO5200376IT,HO Soccer,black,,,1285.17,no_description
10268071_RPB70062302_000,gloveglu,red,,,1284.83,no_color_in_text
NGS3886-492,NIKE,blue,,,1278.18,no_color_in_text
R5070005-4949,reusch,yellow,,,1276.44,no_color_in_text
10322897_HQ0259_850,NIKE,orange,,,1273.77,no_description
R5670960-7701,reusch,black,,,1271.98,no_color_in_text
ETS7221906_000,erima,,,,1269.65,no_description
R5072204-4949,reusch,yellow,,,1266.01,no_color_in_text
NGS3377-100,NIKE,white,,,1263.19,no_color_in_text
HO520091,HO Soccer,white,,,1244.74,no_description
NCK4874-810,NIKE,red,,,1238.54,no_color_in_text
10379390_1011380012026_01,uhlsport,black,,,1238.14,no_color_in_text
R5670039-1080,reusch,white,,,1237.78,no_color_in_text
ETS3670870_783,reusch,black,,,1233.18,no_description
ETS1011171_01,uhlsport,yellow,,,1226.34,no_color_in_text
HO511283IT1,HO Soccer,black,,,1216.56,no_description
EL4002350,Elite Sport,black,,,1214.91,no_color_in_text
RPB70102103,gloveglu,black,,,1214.18,no_description
P041637-01,Puma,black,,,1206.77,no_color_in_text
EL4002860,Elite Sport,white,,,1204.82,no_color_in_text
HO510650,HO Soccer,,,,1202.2,no_color_in_text
ETS1011009_01,uhlsport,,,,1202.07,no_description
U1119,uhlsport,yellow,,,1196.67,no_color_in_text
EL4004330,Elite Sport,black,,,1193.19,no_color_in_text
NCQ6375-100,NIKE,black,,,1193.16,no_color_in_text
EL4004510,Elite Sport,black,,,1192.72,no_color_in_text
HO510914,HO Soccer,black,black,black,1191.15,found
ETSCV0594_440,NIKE,red,,,1174.15,no_color_in_text
KSU1133-01,uhlsport,red,,,1172.14,no_color_in_text
R3270870-701,reusch,,,,1167.93,no_description
E722602,erima,yellow,,,1166.76,no_color_in_text
R5070991-7083,reusch,black,,,1164.84,no_color_in_text
U1139,uhlsport,yellow,,,1160.02,no_color_in_text
ETS041664_004,Puma,black,,,1141.42,no_color_in_text
HO520040,HO Soccer,green,,,1137.84,no_description
NCK4874-492,NIKE,blue,,,1135.07,no_color_in_text
ETS5170958_1100,reusch,white,,,1131.1,no_description
U1052-03,uhlsport,blue,,,1127.55,no_color_in_text
SGP151633,Sells Goalkeeper,white,,,1127.27,no_color_in_text
U1222-02,uhlsport,black,,,1117.92,no_color_in_text
HO511282IT1,HO Soccer,black,,,1114.65,no_description
U1011386-001,uhlsport,blue,,,1113.27,no_color_in_text
NCZ8133-073,NIKE,grey,,,1108.83,no_color_in_text
ETS5170945_4010,reusch,blue,,,1106.82,no_description
NXT-ADVANCE-MONSTER,One Glove,black,,,1081.88,no_color_in_text
EL4003340,Elite Sport,black,,,1080.28,no_color_in_text
HO520038IT,HO Soccer,black,,,1079.52,no_description
10295811_7222402_000,erima,blue,,,1067.74,no_description
10373890_1011430_01,uhlsport,black,,,1064.44,no_color_in_text
NCK4757-492,NIKE,blue,,,1056.93,no_color_in_text
U1082-02,uhlsport,red,,,1054.44,no_color_in_text
U1123,uhlsport,yellow,,,1050.31,no_color_in_text
U1141,uhlsport,yellow,,,1050.12,no_color_in_text
10351158_IF8194_635,NIKE,red,,,1049.73,no_color_in_text
10345986_5599813_1190,reusch,,,,1048.67,no_description
R3970510-583,reusch,yellow,,,1047.96,no_description
HO520095,HO Soccer,yellow,,,1047.64,no_description
E7222004,erima,red,,,1043.76,no_color_in_text
P041638-01,Puma,black,,,1040.83,no_color_in_text
R3970239-583,reusch,yellow,,,1039.92,no_description
R5170439-3001,reusch,red,,,1038.44,no_description
NGS3884-644,NIKE,red,red,red,1035.13,found
HO520041,HO Soccer,blue,,,1029.98,no_description
NCZ8136-073,NIKE,grey,,,1026.88,no_color_in_text
RPB70102102,gloveglu,red,,,1019.01,no_description
R5672955-4126,reusch,blue,,,1013.93,no_color_in_text
HO510869,HO Soccer,yellow,blue,blue,1012.61,found
U1117,uhlsport,yellow,,,1007.28,no_color_in_text
U1149,uhlsport,yellow,,,1005.23,no_color_in_text
HO520012,HO Soccer,black,,,1004.99,no_description
P000034-REG,reusch,,,,991.58,no_description
U1276-01,uhlsport,black,,,984.43,no_description
NCK4804-810,NIKE,red,,,982.81,no_color_in_text
NCZ8135-073,NIKE,grey,,,982.6,no_color_in_text
SGP181910,Sells Goalkeeper,blue,,,982.39,no_color_in_text
NCQ6376-100,NIKE,black,white,white,981.03,found
R5070238-7083,reusch,black,,,980.86,no_color_in_text
ETS3770130_456,reusch,yellow,,,978.08,no_description
NCK4871-810,NIKE,red,,,964.16,no_color_in_text
EL4002410,Elite Sport,green,,,962.79,no_color_in_text
ETS1011166_001,uhlsport,yellow,,,946.4,no_color_in_text
U1056-02,uhlsport,red,,,945.25,no_color_in_text
TFA2I0Z00310,Erreà,black,,,936.83,no_description
KSU1132-01,uhlsport,white,,,934.86,no_color_in_text
U1011312012001,uhlsport,red,,,915.17,no_description
10373889_1011431_01,uhlsport,black,,,906.44,no_color_in_text
R5070135-7083,reusch,black,,,903.49,no_color_in_text
R5199354-4010,reusch,,,,899.08,no_description
P000022-WAO,reusch,,,,899.01,no_description
RH1000-370,rehab,grey,,,896.04,no_color_in_text
U1089,uhlsport,red,,,892.82,no_color_in_text
ETSFS0408_000,adidas,black,,,886.09,no_description
U1057-02,uhlsport,red,,,875.17,no_color_in_text
HO0515134IT,HO Soccer,black,,,864.41,no_description
10373887_1011401_01,uhlsport,white,,,864.25,no_color_in_text
U1086,uhlsport,red,,,862.33,no_color_in_text
HO520037IT,HO Soccer,black,,,861.39,no_description
HO520039IT,HO Soccer,black,,,857.75,no_description
HO0520378,HO Soccer,white,,,855.32,no_color_in_text
HO520025,HO Soccer,pink,,,854.71,no_description
R5172830-4010,reusch,white,,,842.64,no_description
ETS2540_000,Derbystar,black,,,838.68,no_description
ETS2551_009,JAKO,blue,,,838.64,no_description
E7220703,erima,orange,,,835.2,no_color_in_text
ETS2550_024,JAKO,grey,,,834.56,no_description
ETS1011016_01,uhlsport,red,,,834.04,no_description
10340451_HQ0255_395,NIKE,blue,,,832.49,no_color_in_text
NGS3889-100,NIKE,red,,,827.12,no_color_in_text
R5072208-7701,reusch,black,,,825.63,no_color_in_text
EL9990060,Elite Sport,,,,820.67,no_description
10350023_042067_11,Puma,white,,,817.79,no_color_in_text
NCZ8134-073,NIKE,grey,,,817.03,no_color_in_text
RH1006-036,rehab,white,red,red/white/green,811.69,found
10351273_042067_12,Puma,orange,,,802.91,no_color_in_text
P041637-02,Puma,white,white,white,796.95,found
KS10020,KEEPERsport,,,,794.64,no_description
U1137,uhlsport,yellow,,,792.99,no_color_in_text
R5070239-4949,reusch,yellow,,,790.16,no_color_in_text
ETS3670102_783,reusch,black,,,781.81,no_description
R5070945-4942,reusch,blue,,,776.2,no_color_in_text
HO510671,HO Soccer,yellow,,,775.33,no_color_in_text
E7221808,erima,blue,,,775.07,no_color_in_text
8FP9927-MAG,reusch,,,,772.79,no_description
R5672235-4129,reusch,blue,,,765.27,no_color_in_text
10294113_7222401_000,erima,grey,,,764.05,no_color_in_text
EL4004930,Elite Sport,black,,,758.01,no_color_in_text
NCK4874-644,NIKE,red,red,red,757.74,found
HO520081,HO Soccer,black,,,751.28,no_description
R5170825-4010,reusch,white,,,750.09,no_description
ETS1000165_01,uhlsport,black,,,747.0,no_description
P041649-04,Puma,yellow,,,741.51,no_color_in_text
U0131,uhlsport,black,,,733.35,no_color_in_text
P041662-10,Puma,pink,,,725.8,no_color_in_text
ETSFS0424_000,adidas,black,,,724.42,no_description
R3370807-516,reusch,,,,719.12,no_description
HO511276IT,HO Soccer,black,,,716.67,no_description
EL4004270,Elite Sport,white,,,715.52,no_color_in_text
U1012,uhlsport,yellow,yellow,yellow,710.68,found
8FP9927-KEY,reusch,,,,708.59,no_description
HO510808IT,HO Soccer,green,blue,blue/yellow,705.31,found
NGS3381-644,NIKE,red,red,red,699.94,found
HO0515118IT,HO Soccer,red,,,698.76,no_description
P000033-REC,reusch,,,,695.5,no_color_in_text
ETSGK3506_000,adidas,grey,,,695.33,no_color_in_text
NXT-ADVANCE-MONSTERK,One Glove,black,,,694.22,no_description
R3170807-501,reusch,,,,692.62,no_description
HO520086,HO Soccer,green,,,688.84,no_description
EL4004390,Elite Sport,black,,,687.89,no_color_in_text
ETSFS0407_000,adidas,black,,,685.85,no_color_in_text
R5270810-6016,reusch,grey,,,684.99,no_description
NGS3884-010,NIKE,black,black,black,680.01,found
U1064,uhlsport,yellow,,,679.17,no_color_in_text
P041470-21,Puma,black,,,679.03,no_color_in_text
KSU1122-02,uhlsport,black,,,668.45,no_color_in_text
U1051-02,uhlsport,red,,,668.02,no_color_in_text
EL9933818,Elite Sport,white,black,black,667.79,found
NGS3884-892,NIKE,orange,,,665.93,no_color_in_text
NGS3886-644,NIKE,red,red,red,663.49,found
R3870238-296,reusch,blue,,,662.97,no_color_in_text
R3370822-409,reusch,,,,659.95,no_description
HO0520380,HO Soccer,black,,,658.63,no_color_in_text
ETS5072531_6001,reusch,black,,,658.62,no_color_in_text
U1055-02,uhlsport,red,,,658.53,no_color_in_text
U1145,uhlsport,black,,,657.84,no_color_in_text
HO510824IT,HO Soccer,green,white,white,653.3,found
U0190,uhlsport,,,,652.57,no_color_in_text
P041483-01,Puma,orange,,,644.09,no_color_in_text
ETS7221905_951134,erima,black,,,639.79,no_description
NPGS265-100,NIKE,white,,,634.66,no_description
U1221-01,uhlsport,yellow,,,631.91,no_description
R5670975-4126,reusch,blue,,,630.19,no_color_in_text
R3370870-701,reusch,,,,629.99,no_description
EL9933771,Elite Sport,red,,,629.78,no_color_in_text
UA1279426-731,Under Armour,yellow,,,628.68,no_color_in_text
P000002-REP,reusch,,,,628.4,no_description
ETSGK3509_000,adidas,yellow,,,627.89,no_description
U1124,uhlsport,yellow,,,625.69,no_color_in_text
NCK4794-100,NIKE,black,white,white,622.57,found
ETS3772215_484,reusch,yellow,,,621.6,no_description
U1121-02,uhlsport,white,,,616.03,no_color_in_text
ETS3870815_290,reusch,blue,,,615.58,no_description
ETSCW3300_010,NIKE,black,,,613.46,no_color_in_text
R5070835-7083,reusch,black,,,611.58,no_color_in_text
EL9930831,Elite Sport,grey,,,609.51,no_color_in_text
10373888_1011402_01,uhlsport,white,,,607.7,no_color_in_text
HO520022,HO Soccer,green,,,607.56,no_description
HO510651,HO Soccer,yellow,,,605.65,no_color_in_text
EL4004760,Elite Sport,black,,,604.03,no_color_in_text
10372206_5670397_1103,reusch,white,,,603.65,no_color_in_text
P000012-REC,reusch,,,,597.48,no_description
KSU1131-01,uhlsport,black,,,597.05,no_color_in_text
P000012-WAO,reusch,,,,590.4,no_description
NCK4804-644,NIKE,red,red,red,589.35,found
P041653-02,Puma,yellow,,,588.81,no_color_in_text
P041469-22,Puma,black,,,588.14,no_color_in_text
NPGS262-060,NIKE,grey,,,587.44,no_color_in_text
U1155,uhlsport,blue,,,586.64,no_color_in_text
10351569_042124_01,Puma,red,,,585.29,no_color_in_text
ETSFS0422_000,adidas,white,white,white,581.07,found
ADY2618,adidas,yellow,,,577.12,no_color_in_text
OG1-CONTRA-B-HYL-SL,One Glove,black,,,575.88,no_color_in_text
R3170807-701,reusch,,,,574.22,no_description
10373883_1011397_01,uhlsport,black,,,572.03,no_color_in_text
R5170320-4010,reusch,white,,,566.0,no_description
R5070263-2199,reusch,yellow,,,560.26,no_color_in_text
ETS3670900_767,reusch,black,,,557.65,no_description
R5170235-3002,reusch,red,,,555.52,no_description
NCK4874-430,NIKE,blue,,,554.98,no_color_in_text
HO510748,HO Soccer,yellow,,,549.4,no_color_in_text
HO0520305,HO Soccer,black,,,546.41,no_description
TEA3B0Z39030,Erreà,white,,,538.39,no_color_in_text
R3770975-484,reusch,yellow,,,533.56,no_color_in_text
U1308-01,uhlsport,red,,,532.7,no_description
U1116,uhlsport,yellow,,,530.12,no_color_in_text
R3970193-7040,reusch,yellow,,,529.08,no_color_in_text
P000031-REB,reusch,,,,528.78,no_description
HO510740,HO Soccer,black,,,526.93,no_color_in_text
HO510755,HO Soccer,green,,,525.12,no_color_in_text
ETS1011008_01,uhlsport,yellow,,,523.23,no_description
HO511254IT,HO Soccer,white,,,520.29,no_description
ETS1011006_01,uhlsport,yellow,,,511.17,no_description
ADY2615,adidas,black,,,511.1,no_color_in_text
NGS3377-490,NIKE,blue,,,509.79,no_color_in_text
ETS2553_024,JAKO,white,,,508.29,no_description
AFH7298,adidas,white,,,506.19,no_color_in_text
HO510675,HO Soccer,,green,green,505.37,found
U1142,uhlsport,yellow,,,503.59,no_color_in_text
U1077,uhlsport,black,,,490.48,no_color_in_text
NPGS262-100,NIKE,white,,,486.64,no_color_in_text
P000003-REO,reusch,,,,471.94,no_description
10373885_1011400_01,uhlsport,black,,,471.22,no_color_in_text
AFH7301,adidas,white,,,470.3,no_color_in_text
P041649-02,Puma,yellow,,,467.55,no_color_in_text
HO510816,HO Soccer,green,,,466.52,no_color_in_text
TFA2I1Z07720,Erreà,yellow,,,465.53,no_description
ETSFS0410_000,adidas,black,,,465.48,no_color_in_text
10383927_KA7795,adidas,blue,,,462.98,no_color_in_text
R3570900-770,reusch,,,,462.74,no_description
P000012-KEY,reusch,,,,462.37,no_color_in_text
10383932_JY6305,adidas,blue,,,459.55,no_color_in_text
NPGS265-696,NIKE,red,,,458.44,no_color_in_text
ETS1000170_01,uhlsport,black,,,457.36,no_description
P041625-01,Puma,red,,,456.21,no_color_in_text
R000041-REP,reusch,,,,453.01,no_description
ETS3770956_494,reusch,,,,452.8,no_description
R3970089-583,reusch,yellow,,,451.59,no_color_in_text
HO510643,HO Soccer,pink,,,450.73,no_color_in_text
NGS3884-492,NIKE,blue,,,449.86,no_color_in_text
SGP1412,Sells Goalkeeper,black,,,446.0,no_color_in_text
HO510844,HO Soccer,orange,blue,blue/yellow/orange,444.71,found
KSP10050,KEEPERsport,,,,443.32,no_description
U1120,uhlsport,yellow,,,435.88,no_color_in_text
RH1000-612,rehab,grey,grey,grey/yellow,433.05,found
U0364-01,uhlsport,red,,,431.56,no_description
NGS0356-060,NIKE,yellow,,,431.17,no_color_in_text
10351392_042121_01,Puma,red,,,426.17,no_color_in_text
HO50-0806,HO Soccer,black,,,423.41,no_color_in_text
TFA0Q0Z07720,Erreà,yellow,,,421.62,no_color_in_text
NPGS277-100,NIKE,white,,,421.03,no_color_in_text
10373764_042121_03,Puma,black,,,418.58,no_color_in_text
HO511100,HO Soccer,blue,,,417.27,no_color_in_text
R3570606-302,reusch,,,,417.05,no_description
RH1000-627,rehab,grey,grey,grey/pink,416.99,found
AFH7300,adidas,black,,,416.43,no_color_in_text
U0551-01,uhlsport,red,,,413.94,no_description
10295812_5470250_7740,reusch,black,,,413.1,no_description
R5072955-7083,reusch,black,,,411.46,no_color_in_text
ETS5172215_4010,reusch,blue,,,410.31,no_description
R3470800-344,reusch,,,,408.11,no_color_in_text
10180330_5160931_7701_7701,reusch,black,,,407.82,no_description
R3870812-290,reusch,black,,,406.92,no_description
U1084,uhlsport,red,,,404.08,no_color_in_text
E7220705,erima,yellow,,,403.17,no_color_in_text
ETSX5070235_7700,reusch,black,,,402.99,no_description
P041651-02,Puma,yellow,,,400.82,no_color_in_text
10351562_042138_01,Puma,red,,,400.56,no_color_in_text
8FP9041-KEY,reusch,,,,400.45,no_description
NPGS266-100,NIKE,white,,,399.95,no_color_in_text
U1023,uhlsport,yellow,yellow,yellow,397.54,found
P000008-KEOA2B,reusch,,,,395.46,no_description
ETS5170400_3001,reusch,red,,,394.47,no_description
HO510806,HO Soccer,yellow,,,391.01,no_color_in_text
U1022,uhlsport,yellow,yellow,yellow,389.67,found
U1088,uhlsport,yellow,,,386.14,no_color_in_text
U1122,uhlsport,yellow,,,382.89,no_color_in_text
ETSFS0395_000,adidas,black,black,black,382.15,found
R3870136-290,reusch,blue,,,380.63,no_color_in_text
ETS1011162_001,uhlsport,yellow,,,379.98,no_color_in_text
HO0515135IT,HO Soccer,blue,,,379.28,no_description
U0170,uhlsport,blue,,,377.25,no_color_in_text
ETS5170700_7700,reusch,black,,,377.06,no_color_in_text
KS337-064,2XU,orange,,,375.86,no_description
U1104,uhlsport,yellow,,,375.39,no_color_in_text
U1121-03,uhlsport,yellow,,,374.32,no_color_in_text
10383957_KA7789,adidas,blue,,,371.83,no_color_in_text
U1052-02,uhlsport,red,,,371.12,no_color_in_text
U1054-022,uhlsport,red,,,370.82,no_color_in_text
P041469-21,Puma,red,,,369.36,no_color_in_text
AFJ5921,adidas,green,,,368.78,no_color_in_text
ETS1011159_001,uhlsport,,,,368.6,no_description
NCK4804-430,NIKE,blue,,,368.02,no_color_in_text
P041470-22,Puma,black,,,363.4,no_color_in_text
R3870956-236,reusch,black,,,362.87,no_description
EL9930992,Elite Sport,blue,,,362.28,no_color_in_text
KSP10030,KEEPERsport,,,,361.66,no_description
U1099,uhlsport,black,,,360.6,no_color_in_text
R5070935-4949,reusch,black,,,360.04,no_color_in_text
UA1305519-002,Under Armour,black,,,359.27,no_color_in_text
ETS1000191_01,uhlsport,black,,,358.05,no_description
R3970237-583,reusch,yellow,,,356.61,no_color_in_text
ETS21022U_HPQ,Umbro,white,,,355.3,no_description
P041639-01,Puma,black,,,354.16,no_color_in_text
EL9930589,Elite Sport,black,,,350.24,no_color_in_text
R3970755-775,reusch,,,,348.81,no_description
ETS1011025_01,uhlsport,yellow,,,343.0,no_description
E722402,erima,white,,,342.73,no_color_in_text
U0189,uhlsport,grey,,,340.97,no_color_in_text
NCK4757-100,NIKE,white,white,white,339.3,found
NXT-PRO-CONTRA-B-HYL,One Glove,black,,,338.11,no_color_in_text
ETSFS0402_000,adidas,green,,,337.5,no_description
U0369-01,uhlsport,black,,,334.75,no_description
P041629-01,Puma,red,,,333.14,no_color_in_text
U1092-02,uhlsport,white,,,333.03,no_color_in_text
NCK4871-492,NIKE,blue,,,325.17,no_color_in_text
KS0KSP041282-01,Puma,,,,324.81,no_description
U1054-02,uhlsport,red,,,323.74,no_color_in_text
10372218_5670399_7080,reusch,black,,,323.16,no_color_in_text
NPGS262-696,NIKE,red,,,320.47,no_color_in_text
U1038,uhlsport,yellow,,,320.4,no_color_in_text
ETS5170909_1100,reusch,white,,,318.56,no_description
R3972510-588,reusch,yellow,,,318.55,no_description
ETS3970956_883,reusch,yellow,,,317.88,no_description
ETSGH1744_000,adidas,black,,,315.7,no_color_in_text
NGS3373-100,NIKE,white,,,311.1,no_color_in_text
U1085,uhlsport,red,,,309.53,no_color_in_text
P000041-REP,reusch,,,,307.1,no_description
ETS1011156_01,uhlsport,yellow,,,304.08,no_description
HO0520427,HO Soccer,black,,,300.96,no_description
ETSGS0371_060,NIKE,yellow,,,299.37,no_description
P041513-01,Puma,red,,,299.21,no_color_in_text
HO510850,HO Soccer,yellow,,,296.66,no_description
U1115,uhlsport,yellow,,,296.52,no_color_in_text
P041662-02,Puma,yellow,,,295.72,no_color_in_text
NCK4871-430,NIKE,blue,,,294.45,no_color_in_text
P000041-REC,reusch,,,,294.3,no_description
ETSGP8623_000,adidas,black,,,294.14,no_description
P000005-REO,reusch,,,,291.43,no_description
U1040,uhlsport,yellow,,,291.26,no_color_in_text
ETS1011172_001,uhlsport,yellow,,,290.86,no_color_in_text
ETS1000124_01,uhlsport,black,,,290.49,no_description
P000002-KEW,reusch,,,,287.55,no_description
R3770135-494,reusch,,,,286.65,no_description
P041664-02,Puma,yellow,,,284.62,no_color_in_text
HO510665,HO Soccer,black,,,283.24,no_description
P041474-21,Puma,red,,,282.44,no_color_in_text
ETSFS0406_000,adidas,green,,,281.63,no_description
HO51-0504,HO Soccer,brown,,,281.45,no_color_in_text
ETSGK3507_000,adidas,yellow,,,279.59,no_description
NXT-ADV-DOUBTK,One Glove,red,,,277.1,no_color_in_text
HO510853,HO Soccer,black,black,black,275.13,found
U1031,uhlsport,black,,,274.77,no_color_in_text
P041470-01,Puma,white,,,273.85,no_color_in_text
HO511101,HO Soccer,green,,,271.66,no_color_in_text
KSP10051,KEEPERsport,,,,270.84,no_description
NB00136,New Balance,red,,,270.14,no_description
EL9931869,Elite Sport,black,,,269.44,no_color_in_text
P000012-KEO,reusch,,,,267.25,no_description
8FP9927-MAGNC,reusch,,,,266.75,no_description
R5299212-1015,reusch,,,,266.39,no_description
ETSFS0403_000,adidas,green,,,266.39,no_color_in_text
P041477-21,Puma,red,,,263.63,no_color_in_text
ETS1000189_01,uhlsport,black,,,259.91,no_description
P041478-21,Puma,red,,,258.06,no_color_in_text
ETS1011053_002,uhlsport,,,,256.65,no_description
R3770956-494,reusch,blue,,,256.61,no_color_in_text
NCW2938-073,NIKE,black,silver,silver,255.17,found
R5072900-7083,reusch,black,,,254.87,no_description
ETS1000548_01,uhlsport,yellow,,,251.16,no_description
R5070320-7083,reusch,black,,,250.15,no_color_in_text
ETS2527_000,Derbystar,black,,,249.42,no_description
U0185,uhlsport,white,,,248.92,no_color_in_text
ETS5070961_000_2199,reusch,yellow,,,248.06,no_description
R3570102-770,reusch,,,,246.15,no_description
R3872812-290,reusch,black,,,245.49,no_description
ETS1011097_01,uhlsport,black,,,245.12,no_description
10322186_5570025_2025,reusch,yellow,,,243.57,no_description
ETS5170735_7700_2199,reusch,black,,,243.27,no_description
HO510785,HO Soccer,black,,,243.13,no_color_in_text
ETS21021U_HPQ,Umbro,white,,,241.63,no_description
HO511098,HO Soccer,green,,,240.91,no_color_in_text
NCK4760-100,NIKE,white,white,white,240.87,found
R5672210-7783,reusch,black,,,240.54,no_color_in_text
U0188,uhlsport,white,,,236.31,no_color_in_text
ETS1011168_02,uhlsport,black,,,236.03,no_color_in_text
10372043_JY6296_JY6296,adidas,blue,,,234.23,no_color_in_text
ETSCW5803_845,NIKE,orange,,,233.91,no_color_in_text
MP0005-REUSCH,reusch,,,,232.6,no_description
ETS5170230_4010,reusch,blue,,,232.16,no_description
P041628-01,Puma,red,,,228.57,no_color_in_text
NCK4810-100,NIKE,white,white,white,228.57,found
KS337-615,2XU,blue,,,227.79,no_description
U0137-02,uhlsport,yellow,,,227.28,no_description
ETS5170130_4010,reusch,blue,,,227.02,no_description
P000008-KEO,reusch,,,,226.91,no_description
HO510742,HO Soccer,pink,,,225.67,no_color_in_text
ETS5070235_7700,reusch,black,,,223.96,no_description
P040812-12,Puma,,,,223.29,no_description
ETS21106U_KE3,Umbro,black,,,222.44,no_description
R3770340-191,reusch,,,,221.78,no_description
ETSGM2361_000,adidas,blue,,,221.5,no_description
NGS3887-010,NIKE,black,,,221.31,no_color_in_text
RH1000-614,rehab,black,,,220.88,no_color_in_text
SGP151613,Sells Goalkeeper,blue,,,219.1,no_color_in_text
SGP151617,Sells Goalkeeper,white,,,218.69,no_color_in_text
ETS3672202_767,reusch,black,,,217.89,no_description
U1172-02,uhlsport,black,,,217.72,no_color_in_text
AFJ5989,adidas,white,,,214.43,no_color_in_text
R3670773-406,reusch,blue,,,214.3,no_color_in_text
P000002-WAB,reusch,,,,213.69,no_description
HO0515201IT,HO Soccer,green,,,211.99,no_description
ETS1011106_01,uhlsport,yellow,,,211.0,no_description
P041469-01,Puma,white,,,208.76,no_color_in_text
ETSGK3510_000,adidas,yellow,,,208.39,no_description
KSP041674-01,Puma,white,,,206.77,no_color_in_text
R3972593-7040,reusch,black,,,203.31,no_color_in_text
NPGS265-060,NIKE,grey,,,203.19,no_color_in_text
R5199451-4949,reusch,,,,202.64,no_description
R3970904-101,reusch,black,,,201.76,no_color_in_text
U1103,uhlsport,blue,,,201.63,no_color_in_text
R5070739-7052,reusch,yellow,,,198.9,no_color_in_text
HO0515133IT,HO Soccer,yellow,,,195.75,no_description
ADY2592,adidas,black,black,black,191.8,found
U1140-03,uhlsport,orange,,,191.14,no_color_in_text
U0161,uhlsport,blue,,,190.72,no_color_in_text
ETSFS0425_000,adidas,white,,,190.24,no_color_in_text
ETS041701_001,Puma,white,black,black,188.72,found
ACW5582,adidas,yellow,,,188.52,no_color_in_text
P041662-03,Puma,black,,,187.35,no_color_in_text
U0174,uhlsport,blue,,,185.99,no_color_in_text
NCK4899-440,NIKE,blue,,,184.34,no_color_in_text
HO0520473,HO Soccer,blue,,,182.7,no_description
ETSFS0409_000,adidas,black,,,182.53,no_color_in_text
UA1279429-731,Under Armour,yellow,,,182.08,no_color_in_text
ETSGS0356_043,NIKE,red,,,181.72,no_description
ETS041480_001,Puma,,,,179.29,no_description
ETS1011077_001,uhlsport,,,,178.93,no_description
NCW2940-073,NIKE,black,silver,silver,177.79,found
E7222007,erima,yellow,,,176.88,no_color_in_text
R5070900-7083,reusch,black,,,176.17,no_color_in_text
U1146,uhlsport,yellow,,,175.08,no_color_in_text
10271502_520242_000,HO Soccer,yellow,,,173.7,no_description
P041649-03,Puma,black,,,173.52,no_color_in_text
HO510749,HO Soccer,yellow,,,172.92,no_color_in_text
ETS2538_004,JAKO,white,,,172.86,no_description
P000008-KEOA2W,reusch,,,,171.96,no_description
R3870835-236,reusch,yellow,,,171.65,no_color_in_text
R5070808-7701,reusch,black,,,169.63,no_description
E7221902,erima,black,,,167.88,no_color_in_text
U1094,uhlsport,red,,,165.94,no_color_in_text
R3870235-296,reusch,orange,,,165.88,no_color_in_text
10322210_5570439_1126,reusch,black,,,164.52,no_description
R5070715-7700,reusch,black,,,164.52,no_color_in_text
RH1006-421,rehab,white,red,red/blue/white,163.95,found
EL9930008,Elite Sport,black,,,163.86,no_color_in_text
ETSFS0393_000,adidas,green,,,163.66,no_description
U1165-04,uhlsport,blue,,,160.28,no_color_in_text
R5070235-4949,reusch,yellow,,,159.07,no_description
SGP151618,Sells Goalkeeper,black,,,158.39,no_color_in_text
AFH7294,adidas,red,,,156.63,no_color_in_text
HO510635,HO Soccer,yellow,,,153.12,no_color_in_text
R3870237-296,reusch,blue,,,152.8,no_color_in_text
TAF0Q0Z02500,Erreà,black,,,152.34,no_color_in_text
ETSGS0371_410,NIKE,blue,,,151.66,no_description
U1009,uhlsport,yellow,,,151.55,no_description
ETS2523_000,Derbystar,grey,,,151.24,no_description
U1080,uhlsport,white,,,151.1,no_color_in_text
R3670822-783,reusch,red,,,150.67,no_description
EL993064,Elite Sport,yellow,,,149.88,no_color_in_text
ETS1000188_01,uhlsport,white,,,148.9,no_description
R3870955-296,reusch,orange,,,148.38,no_color_in_text
P041439-22,Puma,red,,,147.54,no_color_in_text
ETS3870130_290,reusch,blue,,,146.93,no_description
ETS1011165_02,uhlsport,black,,,144.96,no_color_in_text
ETS1000192_01,uhlsport,black,,,144.48,no_description
U1053-03,uhlsport,black,,,143.4,no_color_in_text
U1087,uhlsport,red,,,142.59,no_color_in_text
10373766_042124_02,Puma,blue,,,141.45,no_color_in_text
HO510663,HO Soccer,blue,,,140.94,no_color_in_text
ETSGM1621_000,adidas,blue,,,140.15,no_description
TFA2I1Z00310,Erreà,black,,,139.3,no_description
U1019,uhlsport,black,,,138.87,no_color_in_text
R3870993-296,reusch,blue,,,137.56,no_color_in_text
ETS3870954_296,reusch,blue,,,137.56,no_description
ETSSGP181913_000,Sells Goalkeeper,yellow,,,135.84,no_description
ETS3870450_121,reusch,white,,,133.96,no_description
ETSGI6378_000,adidas,white,,,133.35,no_description
P041440-22,Puma,red,,,132.41,no_color_in_text
P000008-MAG,reusch,,,,131.06,no_description
HO515009,HO Soccer,white,,,131.05,no_description
ADY2603,adidas,black,,,130.94,no_color_in_text
R3570263-777,reusch,,,,130.47,no_description
NGS3381-486,NIKE,white,,,129.36,no_color_in_text
U1073,uhlsport,blue,,,128.69,no_color_in_text
R3970912-1148,reusch,white,,,128.21,no_color_in_text
R3570970-777,reusch,,,,128.09,no_color_in_text
ETS1011062_001,uhlsport,grey,,,126.9,no_description
R3970235-583,reusch,yellow,,,126.75,no_color_in_text
ETSGS0382_043,NIKE,grey,,,125.37,no_description
ETS3870950_296,reusch,blue,,,125.08,no_description
ETS1011155_001,uhlsport,,,,124.94,no_description
SGP151640,Sells Goalkeeper,yellow,,,124.13,no_color_in_text
R5172510-4011,reusch,blue,,,124.11,no_description
HO510655,HO Soccer,white,,,123.93,no_color_in_text
U1058,uhlsport,grey,,,123.76,no_color_in_text
EL993024,Elite Sport,black,black,black,123.53,found
R3670906-767,reusch,black,,,122.6,no_color_in_text
U1155-02,uhlsport,black,,,122.56,no_color_in_text
U1056,uhlsport,grey,,,121.61,no_color_in_text
RH1006-041,rehab,red,,,121.31,no_description
P000012-REG,reusch,,,,120.92,no_description
UA1293142-731,Under Armour,yellow,,,120.8,no_color_in_text
R3872955-296,reusch,blue,,,120.68,no_color_in_text
R3470844-234,reusch,,,,116.35,no_description
R5160566-7783,reusch,black,,,116.09,no_description
HO0515173IT,HO Soccer,yellow,,,114.87,no_description
ETS2510_000,Derbystar,yellow,,,114.85,no_description
ETS3872230_296,reusch,blue,,,114.47,no_description
ETS510671_000,HO Soccer,,,,114.37,no_description
ETS041662_004,Puma,black,,,114.07,no_color_in_text
ETS1011109_001,uhlsport,white,,,113.36,no_description
R5070935-7041,reusch,black,,,112.87,no_description
ETS1011022_01,uhlsport,,,,112.71,no_description
R3870835-296,reusch,orange,,,112.28,no_color_in_text
U1065,uhlsport,yellow,,,112.26,no_color_in_text
EL9930534,Elite Sport,black,,,109.72,no_color_in_text
8FP9024-KEY,reusch,,,,109.67,no_description
U1071,uhlsport,blue,,,109.66,no_color_in_text
P041478-01,Puma,black,,,109.63,no_color_in_text
U0173,uhlsport,white,,,108.85,no_description
U1180,uhlsport,black,,,106.7,no_color_in_text
10294110_5470955_4411,reusch,,,,106.56,no_description
U0182-02,uhlsport,yellow,,,105.23,no_description
R5299211-1015,reusch,,,,104.92,no_description
ETS1000173_01,uhlsport,black,,,104.16,no_description
U1090,uhlsport,grey,,,103.98,no_color_in_text
P041627-05,Puma,yellow,,,103.94,no_color_in_text
R5070730-7052,reusch,yellow,,,103.53,no_color_in_text
U1176-01,uhlsport,yellow,,,103.24,no_color_in_text
ETS3870059_999,reusch,,,,103.17,no_description
P041477-01,Puma,black,,,102.84,no_color_in_text
ETS5070930_4949,reusch,yellow,,,102.71,no_description
R3899213-296,reusch,,,,102.46,no_description
10351386_042088_11,Puma,,,,102.02,no_color_in_text
P000031-REG,reusch,,,,101.83,no_description
E722401,erima,white,,,100.9,no_color_in_text
R3870135-296,reusch,orange,,,100.73,no_color_in_text
R3970835-583,reusch,yellow,,,100.71,no_color_in_text
UA1328414-001,Under Armour,black,,,100.09,no_color_in_text
U1050,uhlsport,grey,,,98.36,no_color_in_text
P000008-KEODEL,reusch,,,,98.28,no_description
U1067-02,uhlsport,red,,,97.5,no_color_in_text
R5070904-4949,reusch,blue,,,96.83,no_color_in_text
ETS1000554_01,uhlsport,yellow,,,96.27,no_description
ETS1011063_001,uhlsport,grey,,,95.85,no_description
ETS510669_000,HO Soccer,black,,,95.59,no_description
RH1000-601,rehab,grey,grey,grey/green,95.57,found
ETSFS0401_000,adidas,black,,,94.22,no_color_in_text
ETS21063U_HPQ,Umbro,white,,,93.22,no_description
ETS2554_024,JAKO,turquoise,,,92.63,no_description
R5070145-7700,reusch,black,,,92.59,no_color_in_text
8FP9041-KEO,reusch,,,,92.32,no_description
P000011-RAO,reusch,,,,92.23,no_description
U1051,uhlsport,grey,,,91.8,no_color_in_text
ETS3870993_296,reusch,,,,91.77,no_description
U0168,uhlsport,white,,,91.66,no_color_in_text
R3870935-296,reusch,orange,,,90.57,no_color_in_text
NGS0356-011,NIKE,black,,,88.74,no_color_in_text
U0155,uhlsport,blue,,,88.52,no_description
HO0520482,HO Soccer,black,,,88.26,no_description
R3870959-236,reusch,yellow,,,88.02,no_color_in_text
WA-5,Sells Goalkeeper,red,,,87.88,no_color_in_text
R5099351-7083,reusch,,,,87.62,no_description
R3970239-883,reusch,,,,87.4,no_description
ETS1011068_001,uhlsport,yellow,,,87.33,no_description
ETS1011173_001,uhlsport,yellow,,,87.29,no_description
NB00056,New Balance,green,,,86.8,no_description
R5270139-6006,reusch,blue,,,86.8,no_description
ETS1011127_01,uhlsport,yellow,,,86.38,no_description
ETS5070978_4959,reusch,blue,,,85.2,no_description
ETS1011118_01,uhlsport,,,,85.02,no_description
ETS1000163_01,uhlsport,red,,,84.35,no_description
R5099352-7083,reusch,,,,84.11,no_description
SGP1414,Sells Goalkeeper,white,,,83.96,no_color_in_text
HO510724,HO Soccer,green,,,83.51,no_color_in_text
ETS1011161_001,uhlsport,black,,,83.23,no_description
R3470902-233,reusch,,,,83.22,no_description
HO51116308,HO Soccer,yellow,yellow,yellow,82.54,found
ETS1000134_01,uhlsport,red,,,82.33,no_description
U1060-02,uhlsport,red,,,82.29,no_color_in_text
U1050-02,uhlsport,red,,,81.93,no_color_in_text
ETS5170000_2001,reusch,yellow,,,81.93,no_description
ETS041471_021,Puma,black,,,81.22,no_description
R5099353-2199,reusch,,,,81.02,no_description
ETSGH1745_000,adidas,black,,,80.29,no_description
R3770330-601,reusch,,,,78.89,no_description
NXT-PRO-CONTRA-W-NGT,One Glove,white,,,78.74,no_color_in_text
R3870239-296,reusch,blue,,,78.69,no_color_in_text
U0174-02,uhlsport,red,,,78.66,no_description
NCK4874-100,NIKE,white,,,78.5,no_description
ETS1011146_001,uhlsport,yellow,,,78.25,no_description
HO510807,HO Soccer,blue,,,77.7,no_color_in_text
HO510714,HO Soccer,green,,,77.59,no_color_in_text
HO0520480,HO Soccer,grey,,,76.14,no_description
HO510779,HO Soccer,orange,orange,orange,75.71,found
U1075,uhlsport,blue,,,74.88,no_color_in_text
EL9933580,Elite Sport,black,,,74.55,no_color_in_text
U1082-04,uhlsport,white,,,74.55,no_color_in_text
R3072815-210,reusch,,,,74.13,no_description
ETS041662_005,Puma,pink,,,73.91,no_color_in_text
HO0515202IT,HO Soccer,grey,,,73.87,no_description
NXT-PRO-CONTRA-B-NGT,One Glove,black,,,73.73,no_color_in_text
P041470-03,Puma,blue,,,72.48,no_color_in_text
8FP9041-KEA,reusch,,,,71.23,no_description
U0163,uhlsport,red,,,71.19,no_description
U1021-03,uhlsport,yellow,yellow,yellow,71.19,found
R5070963-2199,reusch,yellow,,,70.78,no_color_in_text
EL9931340,Elite Sport,green,,,70.41,no_color_in_text
ADY2598,adidas,black,,,69.7,no_color_in_text
ETSGK3505_000,adidas,yellow,,,69.12,no_description
AFN1485,adidas,black,,,68.25,no_color_in_text
ETS1011125_01,uhlsport,yellow,,,68.0,no_description
ETS041475_001,Puma,white,,,66.26,no_description
R3870059-999,reusch,black,,,66.14,no_color_in_text
ABS1533,adidas,yellow,,,65.57,no_color_in_text
P000008-KEODUO,reusch,,,,65.53,no_description
SGP151609,Sells Goalkeeper,white,,,65.53,no_color_in_text
P000009-REC,reusch,,,,65.5,no_description
ETSGS3884_100,NIKE,,,,65.18,no_description
ETS1000161_01,uhlsport,black,,,65.08,no_description
HO510676,HO Soccer,,,,65.04,no_color_in_text
EL993170,Elite Sport,yellow,yellow,yellow,64.71,found
R5070938-7083,reusch,black,,,64.51,no_color_in_text
RH1000-107,rehab,red,,,63.69,no_color_in_text
U0171-02,uhlsport,,,,63.68,no_description
ETS1000129_01,uhlsport,red,,,63.08,no_description
ETSFS0398_000,adidas,green,,,63.04,no_color_in_text
R3870958-236,reusch,yellow,,,63.03,no_color_in_text
ETS2536_01,JAKO,red,,,62.45,no_description
ETS3670200_767,reusch,black,,,61.48,no_description
ETSGS0387_430,NIKE,white,,,60.78,no_description
U1014,uhlsport,red,,,60.5,no_color_in_text
ETS1011034_01,uhlsport,black,,,60.42,no_description
P041472-01,Puma,white,,,60.16,no_color_in_text
EL993160,Elite Sport,white,blue,blue,59.02,found
NPGS267-696,NIKE,red,,,59.02,no_color_in_text
UA1279427-001,Under Armour,yellow,,,59.02,no_description
ETS3870959_236,reusch,,,,58.98,no_description
ETS5172239_4010,reusch,blue,,,58.96,no_description
ETS2678_000,Derbystar,white,,,58.48,no_description
HO510619,HO Soccer,yellow,,,57.31,no_color_in_text
HO0520103,HO Soccer,yellow,,,56.25,no_description
WA-4,Sells Goalkeeper,white,,,55.33,no_color_in_text
SGP1438,Sells Goalkeeper,,,,55.32,no_description
U1053-02,uhlsport,red,,,54.84,no_color_in_text
P041216-32,Puma,black,,,54.84,no_color_in_text
SGP151622,Sells Goalkeeper,blue,,,53.41,no_color_in_text
NCK4871-644,NIKE,red,red,red,53.28,found
ETS1011074_001,uhlsport,,,,53.28,no_description
HO0510837,HO Soccer,yellow,,,53.19,no_description
AFP7919,adidas,white,,,53.03,no_color_in_text
ETS5070005_4949,reusch,,,,52.9,no_description
10372217_5670206_1089,reusch,white,,,52.56,no_color_in_text
ETSGI6382_000,adidas,black,,,52.36,no_description
U1126,uhlsport,yellow,,,52.35,no_description
ETS1011011_01,uhlsport,,,,51.13,no_description
HO510731,HO Soccer,black,,,51.07,no_color_in_text
ETSGS3376_100,NIKE,white,,,50.67,no_description
P041632-01,Puma,red,,,50.38,no_color_in_text
NGS3373-490,NIKE,blue,,,49.52,no_color_in_text
EL9932149,Elite Sport,black,,,49.48,no_color_in_text
EL993007,Elite Sport,white,,,49.18,no_color_in_text
EL993012,Elite Sport,white,,,49.18,no_color_in_text
ETS5170039_2001,reusch,yellow,,,49.03,no_description
10225791_1011239_001,uhlsport,white,,,48.28,no_description
HO0520257,HO Soccer,yellow,,,48.23,no_description
ETS1011013_01,uhlsport,black,,,47.45,no_description
SGP151638,Sells Goalkeeper,blue,,,46.64,no_color_in_text
R3970093-7040,reusch,black,,,46.64,no_color_in_text
ETS5070439_4989,reusch,blue,,,45.87,no_description
HO51-0632,HO Soccer,yellow,,,45.73,no_color_in_text
HO510672,HO Soccer,,,,45.69,no_color_in_text
HO0520415,HO Soccer,white,,,45.45,no_description
P041226-32,Puma,,,,45.43,no_description
ETS041440_022,Puma,,,,45.4,no_description
P041215-02,Puma,yellow,,,45.08,no_color_in_text
ETS510662_000,HO Soccer,,,,43.77,no_description
R5070935-1100,reusch,,,,43.18,no_description
R5070939-7083,reusch,black,,,43.06,no_description
NGS3884-486,NIKE,white,,,42.87,no_color_in_text
P041262-20,Puma,red,black,black/red,42.83,found
ETS5172238_4010,reusch,blue,,,42.58,no_description
NGS3885-486,NIKE,white,,,42.58,no_color_in_text
U0186,uhlsport,blue,,,42.54,no_color_in_text
NCW2936-073,NIKE,grey,,,42.49,no_color_in_text
ETS1011105_001,uhlsport,red,,,42.28,no_description
ETS1011035_01,uhlsport,yellow,,,42.19,no_description
KSP10002,KEEPERsport,,,,40.98,no_description
NB00055-01,New Balance,yellow,,,40.94,no_description
SGP151637,Sells Goalkeeper,blue,,,40.94,no_color_in_text
SGP151614,Sells Goalkeeper,blue,,,40.94,no_color_in_text
HO510722,HO Soccer,green,,,39.99,no_color_in_text
HO510776,HO Soccer,white,white,white,39.63,found
ETSGS3892_486,NIKE,white,,,39.58,no_description
ETSFS0426_000,adidas,green,,,39.19,no_color_in_text
KSU1013-02,uhlsport,black,,,39.01,no_color_in_text
U1054,uhlsport,grey,,,38.44,no_color_in_text
HO510708,HO Soccer,,,,38.44,no_color_in_text
HO50-0605,HO Soccer,blue,,,38.4,no_color_in_text
U1020,uhlsport,black,,,37.66,no_color_in_text
ETS1011036_01,uhlsport,yellow,,,37.48,no_description
SGP1416,Sells Goalkeeper,white,,,36.89,no_color_in_text
U1055,uhlsport,grey,,,36.87,no_color_in_text
U0545,uhlsport,blue,,,36.02,no_description
HO510777,HO Soccer,green,green,green,35.43,found
ETS1000140_01,uhlsport,white,,,34.55,no_description
U1121,uhlsport,yellow,,,34.43,no_color_in_text
HO510775,HO Soccer,black,black,black,34.39,found
ETS3870936_236,reusch,yellow,,,34.39,no_description
ETSGS0376_410,NIKE,black,,,33.75,no_description
ETS1011054_001,uhlsport,,,,32.75,no_description
U0187,uhlsport,blue,,,32.75,no_color_in_text
ETS2649_000,Derbystar,white,,,32.68,no_description
HO0520090,HO Soccer,yellow,,,32.29,no_description
ETS510658_000,HO Soccer,yellow,,,31.74,no_description
NGS3885-686,NIKE,red,red,red,31.66,found
NGS0360-060,NIKE,black,,,31.66,no_color_in_text
U1074,uhlsport,yellow,,,31.57,no_color_in_text
ETS041222_001,Puma,white,,,31.4,no_description
ETS1011066_001,uhlsport,yellow,,,31.07,no_description
R3770320-484,reusch,,,,30.94,no_description
HO0520087IT,HO Soccer,orange,,,30.75,no_description
R3972200-583,reusch,yellow,,,30.29,no_color_in_text
KS0KSU0598-01,uhlsport,,,,30.17,no_description
ETS7222002_813950,erima,black,,,29.8,no_description
ETS1000142_01,uhlsport,black,,,28.78,no_description
ETS2531_000,Derbystar,black,,,28.5,no_description
HO0520420,HO Soccer,red,,,28.28,no_description
HO510707,HO Soccer,green,,,27.83,no_color_in_text
10361237_5472710_2025,reusch,black,,,27.83,no_description
R3972204-783,reusch,orange,,,27.83,no_color_in_text
ETS2555_024,JAKO,white,,,27.79,no_description
R3970735-775,reusch,blue,,,27.66,no_color_in_text
KSP10070,KEEPERsport,,,,27.5,no_description
10322248_5572700_7700,reusch,black,,,27.05,no_description
10271338_520281_000,HO Soccer,yellow,,,27.01,no_description
ETS1000130_01,uhlsport,black,,,26.64,no_description
ADN8566,adidas,red,,,26.45,no_color_in_text
ETS1011098_001,uhlsport,red,,,26.4,no_description
ETS1011099_001,uhlsport,,,,26.05,no_description
U1060,uhlsport,grey,,,25.78,no_color_in_text
ETS1011103_001,uhlsport,,,,25.57,no_description
ETSFS0417_000,adidas,green,,,25.45,no_color_in_text
HO510824,HO Soccer,yellow,,,24.61,no_color_in_text
U0153-01,uhlsport,,,,24.55,no_description
SGP9497-4200,Sells Goalkeeper,green,,,24.36,no_color_in_text
AFR8373,adidas,black,,,24.34,no_color_in_text
HO0520097,HO Soccer,pink,,,24.14,no_description
ETSD2527K_000,Derbystar,black,,,24.14,no_description
ETS2541_04,JAKO,black,,,23.68,no_description
ETS1011126_01,uhlsport,,,,23.28,no_description
ETS2552_024,JAKO,grey,,,23.09,no_description
ETS5072263_2199,reusch,,,,22.87,no_description
ACW5597,adidas,red,,,22.47,no_color_in_text
P041481-01,Puma,black,,,22.46,no_color_in_text
ETS1000172_01,uhlsport,red,,,22.05,no_description
U1057,uhlsport,green,,,20.49,no_color_in_text
TEA2X0Z04930,Erreà,,,,20.49,no_description
R3770235-191,reusch,white,,,20.45,no_color_in_text
HO510678,HO Soccer,,,,19.67,no_color_in_text
ETS041654_02,Puma,yellow,,,19.47,no_description
ETSGK3511_000,adidas,yellow,,,19.22,no_description
HO0520098,HO Soccer,grey,,,19.17,no_description
ETSGS3882_486,NIKE,white,,,19.12,no_description
ACW5599,adidas,yellow,,,18.93,no_color_in_text
HO510717,HO Soccer,green,,,18.85,no_color_in_text
AZ3686,adidas,black,,,18.44,no_description
ETS041699_001,Puma,white,,,18.07,no_description
10271357_520264_000,HO Soccer,yellow,,,17.5,no_description
ETSFH7295_000,adidas,,,,16.48,no_description
R5072239-7083,reusch,black,,,16.35,no_color_in_text
ETS1011060_001,uhlsport,,,,15.94,no_description
ETS041665_02,Puma,yellow,,,15.71,no_description
ETSCW5606_000,adidas,red,,,15.63,no_description
HO0510713IT,HO Soccer,yellow,,,15.5,no_description
ETS1000541_01,uhlsport,white,,,14.34,no_description
HO51116507,HO Soccer,orange,orange,orange,13.95,found
ETSFJ5989_000,adidas,,,,13.94,no_description
ETS1011147_001,uhlsport,yellow,,,13.85,no_description
ETS2678K_000,Derbystar,white,,,13.24,no_description
ETS1011061_001,uhlsport,grey,,,12.3,no_description
HO0520197,HO Soccer,white,,,11.89,no_description
U0368-01,uhlsport,,,,11.48,no_description
ETS1011148_001,uhlsport,yellow,,,10.73,no_description
ETSGS0281_183,NIKE,red,,,9.62,no_description
ETSGS3883_398,NIKE,black,,,9.09,no_description
HO0520251,HO Soccer,black,,,8.16,no_description
KSP10071,KEEPERsport,,,,0.0,no_description
